VC_dum,PE_dum,VC_or_PE_dum,Rev_share_w_TP,TP_chgs_per_head,TP_recruiting,TP_course_dev,TP_instruction,Expansion,Captivity,invisible_1,invisible_2,invisible_3,no_rs_ph,LMS,Institution,Provider,For_Profit,V_PC_None,Start_mo_contract,Start_yr_contract,Term_primary_contract,First_start_date_any,Last_start_date_any,End_date_last_contract,Visible,Captivity_AR_INDEF,Online_homepage,Amount_of_contract,Rev_share_percent,NoVCPE_dum,Visiblerc,invisible_4,provider_rc,cat_termofcontract
"Yes","No","Yes",1,0,1,0,0,0,0,,,,"No","No","American Distance Education Consortium (ADEC)","Apollidon",1,1,7,2010,2,2010,2010,2012,-888,0,"[ALERT: THIS CONSORTIUM APPEARS TO BE DEFUNCT. NO WEBPAGE AT ALL]","",".4","No",,,"Apollidon","Between 1 and 4 years"
"No","Yes","Yes",1,0,1,1,0,0,1,"Yes","Yes","No","No","No","Alabama State University","Kaplan",1,2,8,2014,888,2014,2014,2021,0,1,"https://www.alasu.edu/academics/division-extended-learning-online-programs","","","No",0,"No","Kaplan","Indefinite"
"No","Yes","Yes",0,1,1,1,0,0,0,"Yes","Yes","No","No","No","Albany State University","The Learning House",1,2,1,2013,1,2013,2013,2014,0,0,"https://www.asurams.edu/academic-affairs/distance-learning/index.php","","$100 or $300 per enrollment in particular 3 credit courses; $20.00 per enrollment for 3 credit hour courses in Certificate programs","No",0,"No","The Learning House","1 year"
"No","No","No",0,1,1,1,1,0,1,"No","No","No","No","No","Arizona State University","Pearson",1,0,1,2015,3.5,2010,2016,2018,2,1,"https://asuonline.asu.edu/","","Minimum declared revenue per student credit hour is $480--pg. 12. Page 13 has formula for calculation for student fees for managed programs courses, which includes "a volume factor." Huge incentive to increase student credit hours and Pearson controls marketing/recruitment.","Yes",2,"No","Pearson","Between 1 and 4 years"
"Yes","No","Yes",1,0,0,0,0,0,0,"No","No","No","No","No","Arizona State University","Coursera",1,1,8,2015,5,2015,2015,2020,2,0,"https://asuonline.asu.edu/","","Although the amount of rev share is redacted, on page 6 contract reads" To the extent ASU generates revenue directly from Learners (other than Registered Students) through the offering of Courses on the Platform, ASU aggress to provide Coursera with a percentage of revenue recieved, as mutually agreed to by the Parties in an addendum to this Agreement, unless otherwise agreed." Note this is not rev share on ASU students. Page 14 indicates "Revenue Share" and "Coursera Monetization Model"","No",2,"No","Coursera","Between 5 and 9 years"
"Yes","No","Yes",1,0,1,1,0,0,1,"No","No","No","No","No","Auburn University","Everspring",1,1,2,2014,5,2014,2014,2019,2,0,"https://www.auburn.edu/online/","","Ranges from 40%-50%","No",2,"No","Everspring","Between 5 and 9 years"
"No","Yes","Yes",0,0,0,0,0,0,1,,,,"Yes","Yes","Ball State University","Blackboard",1,2,6,2013,1,2001,2013,2018,-999,1,"https://www.bsu.edu/academics/collegesanddepartments/online","see page 15 for annual totals","","No",,,"Blackboard","1 year"
"No","Yes","Yes",0,0,0,1,1,0,1,"Yes","Yes","No","Yes","No","Black Hawk College","Edmentum",1,2,4,2017,1,2015,2019,2020,0,0,"https://www.bhc.edu/academics/online-learning-at-bhc/","Annual totals for courses ~20K over time","","No",0,"No","Edmentum","1 year"
"No","Yes","Yes",1,0,0,1,1,0,1,"No","No","No","No","No","Black Hawk College","Ed2Go",1,2,2,2006,888,2006,2006,2016,2,1,"https://www.bhc.edu/academics/online-learning-at-bhc/","","For each verified enrollee, Partner shall pay Education To Go 80% of the retail price paid by enrollee.","No",2,"No","Ed2Go","Indefinite"
"No","No","No",0,0,0,0,0,1,1,,,,"Yes","No","Black Hawk College","Pearson",1,0,6,2018,3,2017,2018,2021,-999,1,"https://www.bhc.edu/academics/online-learning-at-bhc/","","","Yes",,,"Pearson","Between 1 and 4 years"
"No","Yes","Yes",0,0,0,0,0,0,0,,,,"Yes","No","Black Hawk College","McGraw-Hill Education",1,2,2,2018,2,2018,2018,2020,-999,0,"https://www.bhc.edu/academics/online-learning-at-bhc/","","","No",,,"McGraw-Hill Education","Between 1 and 4 years"
"Yes","No","Yes",0,0,0,0,1,0,1,"No","No","No","Yes","No","Black Hawk College","Tutor.com",1,1,7,2017,1,2008,2017,2018,2,1,"https://www.bhc.edu/academics/online-learning-at-bhc/","14495.5","","No",2,"No","Tutor.com","1 year"
"Yes","No","Yes",1,0,0,0,0,0,1,"Yes","Yes","No","No","No","Black Hawk College","RedShelf",1,1,3,2018,888,2018,2018,2028,0,1,"https://www.bhc.edu/academics/online-learning-at-bhc/","","Inclusive access model directly bills student for redshelf services. Redshelf takes a cut of this. Redshelf also takes a cut of custom content.","No",0,"No","RedShelf","Indefinite"
"No","Yes","Yes",0,0,0,0,0,0,0,,,,"Yes","Yes","Black Hawk College","Instructure",1,2,9,2016,5,2012,2016,2018,-999,0,"https://www.bhc.edu/academics/online-learning-at-bhc/","495370","","No",,,"Instructure","Between 5 and 9 years"
"No","Yes","Yes",0,0,0,0,0,1,1,,,,"Yes","Yes","Blue Mountain Community College","Blackboard",1,2,6,2015,1,2015,2015,2015,-999,1,"https://www.bluecc.edu/academics/online-education","11139","","No",,,"Blackboard","1 year"
"No","Yes","Yes",0,0,0,0,0,0,1,,,,"Yes","Yes","Blue Mountain Community College","Instructure",1,2,7,2016,1,2016,2016,2017,-999,1,"https://www.bluecc.edu/academics/online-education","218290","","No",,,"Instructure","1 year"
"No","Yes","Yes",0,0,0,1,0,0,0,"No","No","No","Yes","No","Blue Mountain Community College","TPC Training Systems",1,2,4,2016,1,2016,2016,2017,2,0,"https://www.bluecc.edu/academics/online-education","15780","","No",2,"No","TPC Training Systems","1 year"
"No","Yes","Yes",1,0,1,1,0,1,1,"No","Yes","No","No","No","Boise State University","Academic Partnerships",1,2,10,2012,5,2012,2012,2017,1,1,"https://www.boisestate.edu/online/online-degrees/","",".45","No",1,"No","Academic Partnerships","Between 5 and 9 years"
"No","No","No",0,1,0,1,1,0,0,"No","No","Yes","No","No","Boise State University","Harvard Business School HBX",0,0,6,2016,1,2016,2016,2017,4,0,"https://www.boisestate.edu/online/online-degrees/","","Invoiced per participant, minimum 50","Yes",4,"Yes","Harvard Business School HBX","1 year"
"No","No","No",0,1,0,0,1,0,0,"Yes","Yes","No","No","No","Boise State University","Instructional Connections",1,0,8,2015,3,2015,2015,2018,0,0,"https://www.boisestate.edu/online/online-degrees/","","Pricing per student in each type of class on page 9","Yes",0,"No","Instructional Connections","Between 1 and 4 years"
"No","Yes","Yes",0,0,0,0,0,1,1,,,,"Yes","Yes","Central New Mexico Community College","Blackboard",1,2,8,2007,5,2007,2012,2017,-999,1,"","Around 400K PER YEAR--seems like there is also other costs not included in this number, as hard to tell with invoices. +90K annually for Collaborate.","","No",,,"Blackboard","Between 5 and 9 years"
"No","Yes","Yes",0,0,0,0,0,0,1,,,,"Yes","Yes","Central Texas College","Blackboard",1,2,3,2002,3,2002,2014,2019,-999,1,"","Around 770K for Hosting and 66K for Collaborate each year.","","No",,,"Blackboard","Between 1 and 4 years"
"No","No","No",0,0,0,0,0,0,1,"No","No","No","Yes","Yes","Chadron State College","Longsight",1,0,5,2018,3,2018,2018,2021,2,1,"https://www.csc.edu/online/","55550 annually","","Yes",2,"No","Longsight","Between 1 and 4 years"
"No","Yes","Yes",0,0,0,0,0,1,1,,,,"Yes","Yes","Cleveland State University","Blackboard",1,2,9,2002,888,2002,2010,2013,-999,1,"","Around 115K annually, until new provision might kick in.","","No",,,"Blackboard","Indefinite"
"No","Yes","Yes",0,1,0,1,1,0,1,"No","No","Yes","No","No","Cochise College","Ed2Go",1,2,5,2001,888,2001,2001,888,4,1,"https://www.cochise.edu/downtown-center/cll/online-courses/","","Pay on per student basis for each student enrolled in class.","No",4,"Yes","Ed2Go","Indefinite"
"Yes","No","Yes",0,1,0,0,0,0,0,"No","No","No","No","No","College System of Tennessee","Coursera",1,1,5,2013,1.5,2013,2013,2014,2,0,"https://www.tbr.edu/node/30674","","Pay on per student basis for each student enrolled in class, tiers incentivize higher enrollment.","No",2,"No","Coursera","Between 1 and 4 years"
"Yes","No","Yes",0,0,0,0,0,1,0,,,,"Yes","Yes","College System of Tennessee","D2L",1,1,1,2006,1,2006,2017,2018,-999,0,"https://www.tbr.edu/node/30674","3241125 annually","","No",,,"D2L","1 year"
"Yes","No","Yes",0,0,0,0,0,0,0,,,,"Yes","Yes","Dakota State University","D2L",1,1,7,2017,5,2017,2017,2022,-999,0,"","$271,753.19 annually","","No",,,"D2L","Between 5 and 9 years"
"Yes","No","Yes",1,0,1,1,0,0,1,"No","No","No","No","No","Eastern Kentucky University","Pearson/ EmbanetCompass",1,1,12,2005,7,2005,2017,2022,2,1,"https://ekuonline.eku.edu/"," Note from contract second round: $6,000,000","50% for E-Learning Program students, 25% for non-E-Learning Program students enrolled in E-Learning Program General Education or Supporting Courses","No",2,"No","Pearson/ EmbanetCompass","Between 5 and 9 years"
"No","Yes","Yes",0,0,0,0,0,0,1,,,,"Yes","Yes","Eastern Kentucky University","Blackboard",1,2,7,2017,3,2017,2017,2020,-999,1,"https://ekuonline.eku.edu/","around $375,000 annually","","No",,,"Blackboard","Between 1 and 4 years"
"No","Yes","Yes",0,0,0,0,0,0,0,,,,"Yes","No","Eastern Kentucky University","Learning Objects",1,2,4,2012,1,2012,2012,2013,-999,0,"https://ekuonline.eku.edu/","","","No",,,"Learning Objects","1 year"
"Yes","No","Yes",0,0,0,0,1,0,0,"No","No","No","Yes","No","Eastern Kentucky University","Smarthinking",1,1,7,2018,1,2018,2018,,2,0,"https://ekuonline.eku.edu/","15000","","No",2,"No","Smarthinking","1 year"
"No","Yes","Yes",1,0,1,1,1,1,1,"No","No","No","No","No","Eastern Michigan University","Academic Partnerships",1,2,9,2016,5,2016,2020,2024,2,1,"https://www.emich.edu/online/index.php","","50% for most programs","No",2,"No","Academic Partnerships","Between 5 and 9 years"
"No","Yes","Yes",0,0,0,0,0,0,0,,,,"Yes","Yes","Eastern Michigan University","Instructure",1,2,5,2014,3,2014,2019,2022,-999,0,"https://www.emich.edu/online/index.php","855033.57 total","","No",,,"Instructure","Between 1 and 4 years"
"No","Yes","Yes",0,0,0,0,0,0,1,,,,"Yes","Yes","Eastern New Mexico University","Blackboard",1,2,5,2016,1,2016,2016,2017,-999,1,"","58899.96","","No",,,"Blackboard","1 year"
"No","No","No",0,1,0,0,1,0,0,"Yes","Yes","No","No","No","Emporia State University","Instructional Connections",1,0,3,2018,3,2018,2018,2021,0,0,"https://www.emporia.edu/online-distance-education/","","34-70 dollars per student head, undergrad and grad classes","Yes",0,"No","Instructional Connections","Between 1 and 4 years"
"No","Yes","Yes",1,0,1,1,0,1,1,"Yes","Yes","No","No","No","Emporia State University","Academic Partnerships",1,2,11,2017,10,2017,2018,2028,0,1,"https://www.emporia.edu/online-distance-education/","","50% after 288th student (discounts on prior students)","No",0,"No","Academic Partnerships","10 years or more"
"No","Yes","Yes",0,1,1,1,0,0,0,"No","No","No","No","No","Florida State University","Keypath",1,2,6,2016,,2016,2016,,2,0,"https://distance.fsu.edu/","","Per credit hour tuition rate set by Keypath","No",2,"No","Keypath","10 years or more"
"No","Yes","Yes",0,0,0,0,0,1,1,,,,"Yes","Yes","Framingham State University","Blackboard",1,2,7,2015,3,2015,2015,2018,-999,1,"","around $290,000 annually for all services","","No",,,"Blackboard","Between 1 and 4 years"
"No","Yes","Yes",1,0,1,1,1,1,1,"No","Yes","No","No","No","Georgia College and State University","Ed2Go",1,2,10,2007,888,2007,2007,888,1,1,"https://www.gcsu.edu/graduate/online-graduate-programs-the-graduate-school","",".8","No",1,"No","Ed2Go","Indefinite"
"No","Yes","Yes",0,0,0,0,0,0,1,,,,"Yes","Yes","Grand Rapids Community College","Blackboard",1,2,5,2002,1,2002,2003,2004,-999,1,"https://www.grcc.edu/programs/online-learning","starts at $368,748, but this appears not to include consultant fees, hardware, technical solutions, etc. which add on many thousands of dollars. There is a statement of "incentive" for the university to sign multiple contracts with Blackboard at once, which appears to have happened here.","","No",,,"Blackboard","1 year"
"No","Yes","Yes",1,0,1,1,1,1,1,"No","No","No","No","No","Grand Rapids Community College","Ed2Go",1,2,12,2005,888,2005,2006,888,2,1,"https://www.grcc.edu/programs/online-learning","",".8","No",2,"No","Ed2Go","Indefinite"
"No","Yes","Yes",1,0,1,1,1,1,1,"No","No","No","No","No","Highland Community College","Ed2Go",1,2,12,2010,888,2010,2014,888,2,1,"https://highland.edu/location/online-classes-completely-online/","","Unstated, but communications included reference revenue share","No",2,"No","Ed2Go","Indefinite"
"No","Yes","Yes",0,0,0,0,0,0,1,,,,"Yes","Yes","Idaho State Board of Education","Blackboard",1,2,9,2011,1,2011,2011,2012,-999,1,"","looks to add up to around 1 million","","No",,,"Blackboard","1 year"
"No","No","No",0,0,0,0,0,0,1,,,,"Yes","No","Indiana University","Unizin",0,0,8,2016,1,2016,2017,2018,-999,1,"https://online.iu.edu/","million dollar contract","","Yes",,,"Unizin","1 year"
"No","Yes","Yes",0,0,0,0,0,0,1,,,,"Yes","Yes","Institute for American Indian Arts","Blackboard",1,2,3,2011,1,2011,2014,2017,-999,1,"","","","No",,,"Blackboard","1 year"
"No","Yes","Yes",,,,,,,,,,,,"Yes","Iowa State University","Instructure cloud",0,2,6,2017,,2017,2017,,-999,,"","","","No",,,"Instructure cloud","10 years or more"
"No","Yes","Yes",0,0,0,0,0,0,0,,,,"Yes","Yes","Jacksonville State University","Instructure",1,2,1,2019,1,2019,2019,2024,-999,0,"https://www.jsu.edu/online/","cost annually around 175-190K","","No",,,"Instructure","1 year"
"No","Yes","Yes",0,0,0,0,0,0,1,,,,"Yes","Yes","Jacksonville State University","Blackboard",1,2,11,2002,1,2002,2018,2019,-999,1,"","looks like annual cost mapped out over many years is likely to be around $329,000","","No",,,"Blackboard","1 year"
"No","Yes","Yes",0,0,0,0,0,0,0,,,,"Yes","Yes","Johnson County Community College","Instructure",1,2,8,2017,1,2017,2017,2021,-999,0,"https://www.jccc.edu/online-learning/","cost annually around 170K","","No",,,"Instructure","1 year"
"Yes","No","Yes",1,0,0,0,0,0,0,"No","No","No","No","No","Kent State University","Everspring",1,1,11,2013,7,2013,2013,2020,2,0,"https://onlinedegrees.kent.edu/","","Indicates revenue share byt terms are redacted","No",2,"No","Everspring","Between 5 and 9 years"
"No","Yes","Yes",0,0,0,0,0,1,1,,,,"Yes","Yes","Kentucky Community and Technical College System","Blackboard",1,2,7,2011,4,2011,2016,2018,-999,1,"https://kctcs.edu/education-training/kctcs-online/","see notes","","No",,,"Blackboard","Between 1 and 4 years"
"No","Yes","Yes",0,1,0,1,0,0,0,"No","Yes","No","No","No","Kentucky Community and Technical College System","Cengage",1,2,12,2013,3,2013,2015,2018,1,0,"https://kctcs.edu/education-training/kctcs-online/","","$68.75, per student, per course","No",1,"No","Cengage","Between 1 and 4 years"
"Yes","No","Yes",0,0,0,0,0,0,0,,,,"Yes","No","Kentucky Community and Technical College System","Civitas",1,1,12,2013,2,2013,2013,2015,-999,0,"https://kctcs.edu/education-training/kctcs-online/","$245,500 annually","","No",,,"Civitas","Between 1 and 4 years"
"No","No","No",1,0,,1,0,1,0,"No","Yes","No","No","No","Kentucky Community and Technical College System","Pearson",1,0,1,2009,3,2009,2015,2017,1,0,"https://kctcs.edu/education-training/kctcs-online/","seems initially around $55 per head cost for enrollment in specific MyLabsPlus modules; but pricing is linked to enrollment. It's lower the greater the enrollment, which creates some of the kinds of incentives of traditional rev share. Then there are course fees listed later at as high as $175.00 or $563.00 each.","","Yes",1,"No","Pearson","Between 1 and 4 years"
"No","Yes","Yes",1,0,1,1,0,0,1,"No","No","No","No","No","Lamar University","Academic Partnerships",1,2,8,2014,3,2014,2018,2021,2,1,"https://www.lamar.edu/lu-online/index.html","","30% for most ug majors, 50% for most grad majors","No",2,"No","Academic Partnerships","Between 1 and 4 years"
"No","Yes","Yes",1,0,1,1,1,0,0,"No","Yes","No","No","No","Los Angeles Community College District","Ed2Go",1,2,12,2013,.5,2013,2015,2016,1,0,"[ALERT: NO MAIN ONLINE PAGE]","Contracts vary from 8K-32K, real money in rev share","67% for instructor led courses, variable for career training program courses","No",1,"No","Ed2Go","Less than 1 year"
"No","Yes","Yes",1,0,1,1,0,1,0,"No","No","No","No","No","Louisiana State University System","Academic Partnerships",1,2,2,2013,3,2013,2013,2022,2,0,"https://online.lsu.edu/","Contract sets maximum fee to be paid (I assume through revenue share): initially 2 million then, in 2015 amended to 3.3 million; 2016 5.8 mill amendment; 2017 8.3 then AGAIN to 24.8--years being added to contract as well","50% of graduate course tuition revenue","No",2,"No","Academic Partnerships","Between 1 and 4 years"
"No","Yes","Yes",1,0,1,1,0,1,0,"No","No","No","No","No","Louisiana State University-Shreveport","Academic Partnerships",1,2,2,2013,3,2013,2017,2020,2,0,"[ALERT: NO MAIN ONLINE PAGE]","Maximum fee moved up from 95K to 750K, as programs grow",".5","No",2,"No","Academic Partnerships","Between 1 and 4 years"
"No","Yes","Yes",0,0,0,0,0,0,1,,,,"Yes","Yes","Luna Community College","Blackboard",1,2,5,2008,1,2008,2012,2013,-999,1,"","","","No",,,"Blackboard","1 year"
"No","Yes","Yes",0,0,0,0,0,1,1,,,,"Yes","Yes","Marshall University","Blackboard",1,2,7,2009,1,2009,2015,2018,-999,1,"","~440K 2009, ~516 Y2 in response to fee increase","","No",,,"Blackboard","1 year"
"Yes","No","Yes",0,1,1,1,1,0,1,"Yes","Yes","No","No","No","Mesalands Community College","MindEdge",1,1,1,2017,1,2017,2017,2018,0,1,"https://www.mesalands.edu/academic-programs/distance-education-2/","","$99 a head","No",0,"No","MindEdge","1 year"
"No","No","No",0,0,0,0,0,0,1,,,,"Yes","No","Miami University of Ohio","Unizin",1,0,7,2019,3,2019,2020,2022,-999,1,"","$210,000 over 3 one-year periods","","Yes",,,"Unizin","Between 1 and 4 years"
"Yes","No","Yes",0,0,0,0,0,0,1,,,,"Yes","No","Miami University of Ohio","Iparadigmns",1,1,8,2014,3,2014,2014,2017,-999,1,"","19500","","No",,,"Iparadigmns","Between 1 and 4 years"
"Yes","No","Yes",,,,,,,,"No","No","No",,"No","Miami University of Ohio","Kaltura",1,1,7,2019,1,2019,2019,2020,2,,"https://miamioh.edu/online/","$85,649.99 annually","","No",2,"No","Kaltura","1 year"
"No","No","No",0,0,0,0,0,0,1,,,,"Yes","No","Miami University of Ohio","Proctorio",1,0,5,2017,5,2017,2017,2022,-999,1,"","$100,000/year over 5 years","","Yes",,,"Proctorio","Between 5 and 9 years"
"Yes","No","Yes",1,0,1,1,0,1,1,"No","No","No","No","No","Michigan State University","Bisk",1,1,6,2011,10,2011,2020,2021,2,0,"https://online.msu.edu/","","70%; But Midland Degree Program 40% to 65%; Gross revenue from leads not already in Bisk's data base = 50%; in 2015 set some maximums in millions and then move down the % for Bisk as programs grow. Huge incentive to grow. Also if MSU generates leads MSU takes 70% and Bisk 30%.","No",2,"No","Bisk","10 years or more"
"No","Yes","Yes",0,1,0,1,1,1,1,"No","No","No","No","No","Michigan State University","Capa",1,2,5,2020,.2,2020,2020,2020,2,0,"https://online.msu.edu/","1250 per student enrolled","","No",2,"No","Capa","Less than 1 year"
"No","No","No",0,1,0,1,1,0,1,,,,"No","No","Michigan State University","Connect-123",1,0,5,2020,.2,2020,2020,2020,,0,"","","","Yes",,,"Connect-123","Less than 1 year"
"Yes","No","Yes",1,0,0,0,0,0,0,"No","No","No","No","No","Michigan State University","Coursera",1,1,6,2015,,2015,2015,888,2,0,"https://online.msu.edu/","",".5","No",2,"No","Coursera","10 years or more"
"Yes","No","Yes",1,0,0,0,0,1,0,"No","No","No","No","Yes","Michigan State University","D2L",1,1,6,2011,10,2011,2020,2021,2,0,"online.msu.edu","","","No",2,"No","D2L","10 years or more"
"Yes","No","Yes",0,1,0,1,1,0,0,,,,"No","No","Michigan State University","Virtual Internship Partners Limited",1,1,5,2020,1,2020,2020,2021,,0,"","","","No",,,"Virtual Internship Partners Limited","1 year"
"No","Yes","Yes",0,1,0,0,0,0,0,"No","Yes","No","No","Yes","Michigan Technological University","Instructure",1,2,12,2012,3,2012,2015,2018,1,0,"https://www.mtu.edu/globalcampus/","","","No",1,"No","Instructure","Between 1 and 4 years"
"Yes","No","Yes",0,0,0,0,0,0,0,,,,"Yes","Yes","Minnesota State Colleges and Universities","D2L",1,1,10,2011,6,2011,2011,2017,-999,0,"","~1 million for 12-13 AY","","No",,,"D2L","Between 5 and 9 years"
"No","Yes","Yes",0,0,0,0,0,1,0,,,,"Yes","Yes","Mississippi Community Colleges","Blackboard",1,2,11,1999,3,1999,2007,2010,-999,0,"","Total for 3 years in 1999 appears to be ~51K according to RFP. Appears to be ~112K in 2002 for online webhosting. 2006 = ~315K, seems to be increased users, emails about not enough to support web traffic. By 2007 cost is over 3 million annually","","No",,,"Blackboard","Between 1 and 4 years"
"No","Yes","Yes",0,0,0,0,0,0,0,,,,"Yes","Yes","Mississippi Community Colleges","Instructure",1,2,2,2013,5,2013,2013,2018,-999,0,"","~4.3 million annually, with provision no more than 5% increase annually. Represents savings on what the school WOULD have been paying from Blackboard increases","","No",,,"Instructure","Between 5 and 9 years"
"Yes","No","Yes",0,0,0,0,0,0,0,,,,"Yes","Yes","Mississippi Community Colleges","D2L",1,1,12,2005,3,2005,2009,2012,-999,0,"","Total price (2009 amendment) is around 200K annually. 2012 amendment around 211K. Price not to exceed.","Price per FTE, but in tiers/bands as is typical","No",,,"D2L","Between 1 and 4 years"
"No","No","No",0,0,0,0,0,0,1,,,,"Yes","No","Missouri University of Science and Technology","Internet2",0,0,6,2016,5,2016,2016,2021,-999,1,"","~$385,985 for 5 years","","Yes",,,"Internet2","Between 5 and 9 years"
"No","Yes","Yes",0,0,0,0,0,0,1,,,,"Yes","Yes","Montana State University","Blackboard",1,2,7,2002,1,2002,2010,2011,-999,1,"","Price in 2003 amendment is ~70K. By 2010 ~98K","","No",,,"Blackboard","1 year"
"Yes","No","Yes",0,0,0,0,0,0,0,,,,"Yes","Yes","Montana University System","D2L",1,1,7,2008,3,2008,2008,2011,-999,0,"",""Budget challenges" make it impossible to afford initial bid. D2L makes a 636K (for 3 years) option that weighs lower on first year to accomodate. Also comes up with a huge number of scenarios for consideration by system based on roll out of e-courses. Entirely unclear what they decide to do.","","No",,,"D2L","Between 1 and 4 years"
"No","Yes","Yes",1,0,1,1,1,0,0,"Yes","Yes","No","No","No","Montgomery County Community College","Ed2Go",1,2,7,2015,888,2015,2015,888,0,0,"https://www.mc3.edu/degrees-and-programs/online-learning","","Ed2Go typically revenue share; seems they left out these details in FOIA","No",0,"No","Ed2Go","Indefinite"
"No","No","No",0,0,1,0,0,0,1,"No","No","No","Yes","No","Nevada System of Higher Education","Pearson",1,0,12,2015,888,2015,2015,2025,2,1,"[ALERT: NO MAIN ONLINE PAGE]","","68-85% depending on enrollment; situation where % decreases as enrollment #s pass a certain amount here it is 600 students","Yes",2,"No","Pearson","Indefinite"
"No","No","No",1,0,1,1,0,0,0,"No","No","No","No","No","New Jersey Institute of Technology","Pearson",1,0,10,2010,7,2010,2012,2019,2,0,"https://online.njit.edu/","","Rev share redacted--appears to have different rates for out-of-state and in-state, and by amount of students (presumably more favorable more students).","Yes",2,"No","Pearson","Between 5 and 9 years"
"No","Yes","Yes",0,0,0,0,0,0,0,,,,"Yes","Yes","New Mexico Higher Education Department","Blackboard",1,2,5,2008,3,2008,2011,2012,-999,0,"","~9.2 million system-wide contract in 2011 amendment (added some schools)--this appears to be 1.3 million added from previous year; In 2008 contract was 5.8 million, but two years after that 1 million because didn't include the "Blackboard Enterprise Software Solution" which may last for a few years with an agreement.","","No",,,"Blackboard","Between 1 and 4 years"
"No","No","No",0,0,0,0,0,0,1,,,,"Yes","No","New Mexico Highlands University","Aspect Consulting",1,0,11,2018,,2018,2019,2019,-999,0,"","$85/hr","","Yes",,,"Aspect Consulting","10 years or more"
"Yes","No","Yes",0,0,0,0,0,0,0,,,,"Yes","Yes","New Mexico Highlands University","D2L",1,1,11,2011,3.7,2011,2023,2024,-999,0,"","$97,910.72 over 5 years. Notes from first round of contracts: 69655.28 + additional costs for training + 18,500 for perpetual license required for on-premise streaming; ~75K 2013-2014, price in 2014-2015 = $78.5; 2016 = 69K. Stays fairly constant.","","No",,,"D2L","Between 1 and 4 years"
"No","Yes","Yes",0,0,0,0,0,0,0,,,,"Yes","Yes","New Mexico Junior College","Instructure",1,2,1,2012,.5,2012,2012,2013,-999,0,"","Initial half year contract = ~26K, then another full year at ~54K","","No",,,"Instructure","Less than 1 year"
"No","Yes","Yes",0,0,0,0,0,0,0,,,,"Yes","Yes","New Mexico Military Institute","Instructure",1,2,1,2015,3,2015,2015,2018,-999,0,"","3 years at ~20K each","","No",,,"Instructure","Between 1 and 4 years"
"No","Yes","Yes",0,0,0,0,0,0,0,,,,"Yes","Yes","New Mexico State University","Blackboard",1,2,3,2008,3,2008,2016,2017,-999,0,"","~7.8 mill contract creates a New Mexico Statewide eLearning system. Unclear how this relates to the New Mexico Higher Education Dept. contract, which includes the state, and is for many other millions of dollars.","","No",,,"Blackboard","Between 1 and 4 years"
"No","Yes","Yes",0,0,0,0,0,0,0,,,,"Yes","Yes","New Mexico State University","Instructure",1,2,9,2011,,2011,2015,2016,-999,0,"","","","No",,,"Instructure","10 years or more"
"Yes","No","Yes",0,0,0,0,0,0,0,,,,"Yes","No","New Mexico State University","Centra",1,1,3,2002,888,2002,2002,888,-999,1,"","147500","","No",,,"Centra","Indefinite"
"No","Yes","Yes",0,0,0,0,0,0,1,,,,"Yes","No","North Carolina Community Colleges","Remote Learner",1,2,5,2012,1,2012,2012,2013,-999,0,"","288990","","No",,,"Remote Learner","1 year"
"No","Yes","Yes",0,0,0,0,0,0,0,,,,"Yes","Yes","Northern Illinois University","Blackboard",1,2,7,2001,1,2001,2001,2002,-999,0,"","25476","","No",,,"Blackboard","1 year"
"No","No","No",0,1,1,1,0,0,0,"No","No","No","No","No","Ocean County College","Pearson",1,0,3,2011,5,2011,2011,2016,2,0,"https://www.ocean.edu/programs-and-courses/online-learning/","","Per credit hour fee per student--19.50 in contract year 1, up to 70.43 in year 5; unclear why the dramatic increase over time; school decides on an additional year at final year pricing ~ 613K","Yes",2,"No","Pearson","Between 5 and 9 years"
"Yes","No","Yes",1,0,1,1,1,0,1,"No","No","No","No","No","The Ohio State University","Trilogy",1,1,5,2020,5,2020,2020,2025,2,1,"https://online.osu.edu/","","Redacted","No",2,"No","Trilogy","Between 5 and 9 years"
"No","No","No",0,0,0,0,0,0,1,,,,"Yes","No","The Ohio State University","Unizin",0,0,5,2016,1,2016,2016,2017,-999,1,"","1050000","","Yes",,,"Unizin","1 year"
"No","No","No",0,0,0,0,0,0,0,,,,"Yes","No","The Ohio State University","Proctorio",1,0,1,2018,3,2018,2019,2020,-999,0,"","$220,00 year 1 and year 2 with the same amount listed for year 3 but this year is listed as optional. Doesn't seem like captivity because states customer has the right to renew by giving 60 days notice they want to renew as opposed autorenewal without written notice to cancel","","Yes",,,"Proctorio","Between 1 and 4 years"
"Yes","No","Yes",1,0,1,1,0,1,0,"No","No","No","No","No","Ohio University","Pearson/ EmbanetCompass",1,1,7,2008,10,2008,2016,2023,2,1,"https://www.ohio.edu/online","75K launch fee","60%; in 2012 move to 50%","No",2,"No","Pearson/ EmbanetCompass","10 years or more"
"No","Yes","Yes",0,0,0,0,0,0,0,,,,"Yes","Yes","Ozarks Technical Community College","Instructure",1,2,7,2016,5,2016,2016,2021,-999,0,"","~1.16 million","","No",,,"Instructure","Between 5 and 9 years"
"Yes","No","Yes",0,1,0,1,0,0,0,"Yes","Yes","No","No","No","Pasadena City College","Smart Sparrow",1,1,9,2016,1,2016,2016,2017,0,0,"https://pasadena.edu/academics/pcc-online/index.php","35K to develop each course+travel and training","Pay per student, $10","No",0,"No","Smart Sparrow","1 year"
"Yes","No","Yes",0,0,0,0,0,0,0,,,,"Yes","Yes","Pennsylvania State System of Higher Education","D2L",1,1,2,2016,5,2016,2017,2022,-999,0,"","~22 million","","No",,,"D2L","Between 5 and 9 years"
"No","No","No",1,0,1,0,0,1,1,"No","No","No","No","No","Purdue University","Wiley/Deltak",1,0,10,2010,7,2010,2015,2017,2,1,"https://online.purdue.edu/","","Rev share redacted; Tuition rates appear to be in 600-700 credit hour rate","Yes",2,"No","Wiley/Deltak","Between 5 and 9 years"
"No","Yes","Yes",1,0,1,0,0,0,1,"Yes","Yes","No","No","No","Purdue University","All Campus",1,2,5,2016,5,2016,2016,2021,0,1,"https://online.purdue.edu/","","Rev share redacted","No",0,"No","All Campus","Between 5 and 9 years"
"No","No","No",1,0,1,1,0,0,1,"Yes","Yes","No","No","No","Purdue University","The College Network",1,0,7,2009,3,2009,2015,888,0,1,"https://online.purdue.edu/","","65%--but only 18% on Purdue generated leads; %'s modified somewhat in 2010, 2013, 2015","Yes",0,"No","The College Network","Between 1 and 4 years"
"No","Yes","Yes",1,0,1,1,1,1,1,"No","No","No","No","No","Purdue University","Kaplan",1,2,1,2019,30,2019,2019,2049,2,1,"https://www.purdueglobal.edu/","","Redacted amount, but each SOW (statement of work) has rev share","No",2,"No","Kaplan","10 years or more"
"No","Yes","Yes",0,0,0,0,0,0,1,,,,"Yes","Yes","Rutgers University","Instructure",1,2,4,2016,1,2016,2018,2019,-999,0,"","1.2 million for Canvas order (instructure service order pdf) & IT contract $18,000 for installation and $12,000/year for maintenance/support","","No",,,"Instructure","1 year"
"No","No","No",0,1,1,0,0,1,0,"No","No","No","No","No","Rutgers University","Pearson",1,0,9,2012,7,2012,2012,2019,2,0,"https://onlineprograms.rutgers.edu/","","","Yes",2,"No","Pearson","Between 5 and 9 years"
"No","Yes","Yes",0,0,0,0,0,0,1,,,,"Yes","Yes","Rutgers University","Blackboard",1,2,7,2017,3,2017,2018,2020,-999,1,"","~400K annually. Notes from second round contracts: $391,916-415,83 over 3 one-year periods","","No",,,"Blackboard","Between 1 and 4 years"
"No","Yes","Yes",0,0,0,0,0,0,1,,,,"Yes","Yes","Sam Houston State","Blackboard",1,2,9,2019,5,2019,2023,2024,-999,1,"","$57,500 - 62,239 over 5 one-year periods 09/01/2019-08/31/2024","","No",,,"Blackboard","Between 5 and 9 years"
"No","No","No",0,0,0,0,0,0,0,,,,"Yes","No","San Juan College","AHIMA Vlab",0,0,9,2016,1,2016,2016,,-999,0,"","24700","","Yes",,,"AHIMA Vlab","1 year"
"No","Yes","Yes",0,0,0,0,0,0,1,,,,"Yes","No","San Juan College","Evaluation KIT (by Watermark LLC)",1,2,12,2013,2,2013,2013,2015,-999,1,"","24800","","No",,,"Evaluation KIT (by Watermark LLC)","Between 1 and 4 years"
"No","Yes","Yes",1,0,1,1,0,1,0,"No","No","No","No","No","Southeastern Oklahoma State University","Academic Partnerships",1,2,12,2015,7,2015,2017,2024,2,0,"https://www.se.edu/online/",".5","Start with MBA, add BA/BS programs 2 years later","No",2,"No","Academic Partnerships","Between 5 and 9 years"
"No","Yes","Yes",1,0,1,1,1,0,1,"No","No","No","No","No","Southern Illinois University Carbondale","Career Step",1,2,1,2016,1,2016,2018,2019,2,1,"https://online.siu.edu/","80% initially, then 78%","","No",2,"No","Career Step","1 year"
"No","Yes","Yes",1,0,0,1,0,0,1,"No","No","No","No","No","Southern Illinois University Carbondale","Ed2Go",1,2,10,2006,888,2006,2006,888,2,1,"https://online.siu.edu/","Ed2Go uses rev share model, not included in this short documentation though","","No",2,"No","Ed2Go","Indefinite"
"No","No","No",0,0,0,1,1,0,0,"No","No","No","Yes","No","Southern Illinois University Carbondale","JER Group",1,0,6,2016,1,2016,2016,2017,2,0,"https://online.siu.edu/","","","Yes",2,"No","JER Group","1 year"
"No","Yes","Yes",1,0,1,1,,1,1,"No","No","No","No","No","SUNY Binghamton","Academic partnerships",1,2,2,2017,5,2017,2019,2024,2,1,"[ALERT: NO MAIN ONLINE PAGE]","",".5","No",2,"No","Academic partnerships","Between 5 and 9 years"
"No","Yes","Yes",0,0,0,0,0,0,1,,,,"Yes","Yes","Texas A&M","Blackboard",1,2,6,2012,3,2012,2015,2018,-999,1,"","350K first year, 460K years 2 and 3","","No",,,"Blackboard","Between 1 and 4 years"
"No","Yes","Yes",0,0,0,0,0,0,0,,,,"Yes","Yes","Texas A&M","Instructure",1,2,6,2016,1,2016,2016,2017,-999,0,"","$112,840 + $56,140","","No",,,"Instructure","1 year"
"No","Yes","Yes",1,0,1,1,0,0,0,"No","No","No","No","No","Texas A&M","iLawVentures",1,2,7,2016,3,2016,2016,2019,2,0,"https://distance.tamu.edu/","$371K in Y2, 145K in Y2 and 3, plus another 100k or so a year","25%, 30% after Y1","No",2,"No","iLawVentures","Between 1 and 4 years"
"No","Yes","Yes",,,,1,1,0,1,"No","No","Yes",,"No","Truckee Meadows Community College","Ed2go",1,2,5,2017,5,2017,2017,2022,4,1,"https://www.tmcc.edu/educational-programs-inspiring-community/courses-offered/online-courses","","Not clear see note","No",4,"Yes","Ed2go","Between 5 and 9 years"
"No","No","No",0,0,0,0,0,0,1,,,,"Yes","No","University of California Davis","Internet2",0,0,7,2017,5,2017,2017,2022,-999,1,"","","","Yes",,,"Internet2","Between 5 and 9 years"
"No","Yes","Yes",0,0,0,0,0,0,1,,,,"Yes","Yes","University of California Davis","Instructure",1,2,1,2016,5,2016,2016,2021,-999,1,"","1819970","","No",,,"Instructure","Between 5 and 9 years"
"Yes","No","Yes",1,0,0,1,1,1,1,"No","No","No","No","No","University of California Riverside Extension","Trilogy",1,1,3,2018,3,2018,2018,2021,2,1,"https://extension.ucr.edu/onlineprograms/overview","",".8","No",2,"No","Trilogy","Between 1 and 4 years"
"Yes","No","Yes",1,0,0,1,1,1,1,"No","No","No","No","No","University of California San Diego Extension","Trilogy",1,1,8,2016,2,2016,2020,2023,2,1,"https://extension.ucsd.edu/international-programs/online-courses","","Amount of revenue sharing redacted section 7","No",2,"No","Trilogy","Between 1 and 4 years"
"No","No","No",0,0,0,1,0,0,0,"Yes","Yes","No","Yes","No","University of Connecticut","Alivetek",1,0,9,2020,3,2020,2020,2023,0,0,"https://online.uconn.edu/","41889","","Yes",0,"No","Alivetek","Between 1 and 4 years"
"Yes","No","Yes",0,0,0,0,0,1,0,,,,"Yes","No","University of Connecticut","Saba",1,1,11,2015,3,2015,2018,2021,-999,0,"","585,000 total for cloud services","","No",,,"Saba","Between 1 and 4 years"
"No","Yes","Yes",0,0,0,1,0,0,0,"No","No","No","Yes","No","University of Connecticut","EverFi",1,2,8,2018,3,2018,2018,2021,2,0,"[NOTE: it would not make sense for UConn to include this partnership on their website]. https://online.uconn.edu/","$45,000/year","","No",2,"No","EverFi","Between 1 and 4 years"
"No","Yes","Yes",0,0,0,0,0,1,1,,,,"Yes","Yes","University of Alabama","Blackboard",1,2,8,2000,1,2000,2014,2017,-999,1,"","","","No",,,"Blackboard","1 year"
"Yes","No","Yes",1,0,0,0,0,0,1,"No","No","No","No","No","University of Arizona","Coursera",1,1,3,2014,888,2014,2014,888,2,1,"https://online.arizona.edu/","","80%-94%","No",2,"No","Coursera","Indefinite"
"Yes","No","Yes",0,0,0,0,0,0,0,,,,"Yes","Yes","University of Arizona","D2L",1,1,3,2016,3,2016,2016,2019,-999,0,"","~$475K a year","","No",,,"D2L","Between 1 and 4 years"
"No","Yes","Yes",1,0,1,0,0,0,0,"No","No","No","No","No","University of Arizona","All Campus",1,2,12,2014,5,2014,2017,2019,2,0,"https://online.arizona.edu/","",".35","No",2,"No","All Campus","Between 5 and 9 years"
"No","Yes","Yes",1,0,1,1,1,1,1,"No","No","No","No","No","University of Arizona","Ashford (Bridgepoint Education, Zovio)",1,2,8,2020,15,2020,2020,2036,2,1,"https://www.uagc.edu/","","as much as 19.5%","No",2,"No","Ashford (Bridgepoint Education, Zovio)","10 years or more"
"No","Yes","Yes",0,1,0,0,0,0,1,"No","No","Yes","No","No","University of California-Berkeley","2U",1,2,1,2013,15,2013,2013,2029,3,1,"https://ischoolonline.berkeley.edu/","","to receive 39K PER FTE student for the first 499 students, other fees apply too","No",3,"No","2U","10 years or more"
"Yes","No","Yes",1,0,1,1,1,0,1,"No","No","No","No","No","University of California-Los Angeles Extension","Trilogy Education Services",1,1,1,2016,3,2016,2018,2021,2,0,"https://www.uclaextension.edu/online-courses","","Amount rev share redacted","No",2,"No","Trilogy Education Services","Between 1 and 4 years"
"No","Yes","Yes",0,0,0,0,0,0,0,,,,"Yes","Yes","University of California-Los Angeles Extension","Instructure",1,2,1,2014,5,2014,2014,2019,-999,0,"","Copy is blurry--can't make out cost","","No",,,"Instructure","Between 5 and 9 years"
"Yes","No","Yes",,,,0,0,1,1,"No","No","No",,"No","University of Central Florida","Guild",1,1,4,2019,2,2019,2019,2021,2,1,"https://www.ucf.edu/online/","","Redacted 999","No",2,"No","Guild","Between 1 and 4 years"
"Yes","No","Yes",1,0,1,1,0,1,0,"No","No","No","No","No","University of Cincinnati","Compass Knowledge-Pearson",1,1,1,2007,7,2007,2015,,2,,"https://online.uc.edu/","","from 2010 email that was not redacted, seems 50/50 split up to 350th student, then Pearson gets 40%","No",2,"No","Compass Knowledge-Pearson","Between 5 and 9 years"
"No","Yes","Yes",1,0,1,1,0,1,0,"Yes","Yes","No","No","No","University of Cincinnati","Academic Partnerships",1,2,11,2012,5,2012,2015,2020,0,0,"https://online.uc.edu/","","40%-50%","No",0,"No","Academic Partnerships","Between 5 and 9 years"
"Yes","No","Yes",1,0,0,1,1,1,1,"Yes","Yes","No","No","No","University of Connecticut","Trilogy",1,1,1,2019,3,2019,2019,2022,0,1,"https://online.uconn.edu/","","Redacted 999","No",0,"No","Trilogy","Between 1 and 4 years"
"No","No","No",1,0,1,0,0,0,0,"No","No","No","No","No","University of Florida","352",1,0,7,2014,1.5,2014,2015,2016,2,0,"https://ufonline.ufl.edu/","","Rev share amount unspecified","Yes",2,"No","352","Between 1 and 4 years"
"No","Yes","Yes",1,0,1,0,0,0,0,"Yes","Yes","No","No","No","University of Florida","All Campus",1,2,1,2013,4,2013,2015,2020,0,0,"https://ufonline.ufl.edu/","","29% for FL res, 39% non-res for one program, 40% for another","No",0,"No","All Campus","Between 1 and 4 years"
"Yes","No","Yes",1,0,1,0,0,1,0,"No","No","No","No","No","University of Florida","Apollidon",1,1,4,2008,5,2008,2016,2021,2,0,"https://ufonline.ufl.edu/","",".4","No",2,"No","Apollidon","Between 5 and 9 years"
"Yes","No","Yes",1,0,1,1,0,0,0,"Yes","Yes","No","No","No","University of Florida","Bisk",1,1,2,2012,7,2012,2012,2019,0,0,"https://ufonline.ufl.edu/","",".8","No",0,"No","Bisk","Between 5 and 9 years"
"No","No","No",0,0,0,0,0,0,0,,,,"Yes","No","University of Florida","Continuing Education Network",1,0,9,2012,1,2012,2012,2013,-999,0,"","$8,388 annual subscription","","Yes",,,"Continuing Education Network","1 year"
"Yes","No","Yes",1,0,0,0,0,0,0,"No","No","No","No","No","University of Florida","Coursera",1,1,7,2012,888,2012,2012,888,2,1,"https://ufonline.ufl.edu/","","Did not send materials with rev share, but know from other courera contracts it is very high","No",2,"No","Coursera","Indefinite"
"No","No","No",0,1,1,0,0,0,1,"No","No","No","No","No","University of Florida","Wiley/Deltak",1,0,6,2012,2,2012,2012,2014,2,1,"https://ufonline.ufl.edu/","$25,000 to set up","$3.00 for each registered web user","Yes",2,"No","Wiley/Deltak","Between 1 and 4 years"
"Yes","No","Yes",1,0,1,1,0,1,0,"No","No","No","No","No","University of Florida","Pearson/ EmbanetCompass /Intelicus",1,1,1,2000,5,2000,2012,2018,2,0,"https://ufonline.ufl.edu/","","38%-60%","No",2,"No","Pearson/ EmbanetCompass /Intelicus","Between 5 and 9 years"
"Yes","No","Yes",0,0,0,0,0,0,0,"Yes","Yes","No","Yes","No","University of Florida","New Horizons",1,1,1,2012,3,2012,2014,2019,0,0,"https://ufonline.ufl.edu/","$15,000 a semester","","No",0,"No","New Horizons","Between 1 and 4 years"
"No","Yes","Yes",0,0,0,0,0,0,1,,,,"Yes","Yes","University of Idaho","Blackboard",1,2,12,2008,3,2008,2016,2019,-999,1,"","Between $50-$60K a year for 3 years in 2008; in 2016 it's up to 237,554.19. Cost driver appears to be more products, whereas initially it was just the license.","","No",,,"Blackboard","Between 1 and 4 years"
"No","Yes","Yes",0,0,0,0,1,0,0,"No","Yes","No","Yes","No","University of Idaho","NetLearning",1,2,10,2015,1,2015,2015,2016,1,0,"https://www.uidaho.edu/academics/online-learning","23400","","No",1,"No","NetLearning","1 year"
"Yes","No","Yes",1,0,1,1,0,0,0,"No","Yes","No","No","No","University of Illinois","Pearson/ EmbanetCompass",1,1,12,2007,10,2007,2015,2022,1,0,"https://online.illinois.edu/","Amendment 1 in 2009 includes additional 1.4 million for "net instructional fees"","45%-50%","No",1,"No","Pearson/ EmbanetCompass","10 years or more"
"Yes","No","Yes",1,0,0,0,0,1,0,"No","No","Yes","No","No","University of Illinois","Coursera",1,1,3,2016,2,2016,2018,2020,4,0,"https://online.illinois.edu/","","40% - but first amount of rev. share redacted; shows that after "roadmap complete" the rev. share will be increased 40% coursera 60% UI; however exhibit A page 54 shows 50%","No",4,"Yes","Coursera","Between 1 and 4 years"
"No","Yes","Yes",0,0,0,0,0,0,0,,,,"Yes","Yes","University of Illinois","Blackboard",1,2,8,2018,10,2018,2018,2021,-999,0,"","","","No",,,"Blackboard","10 years or more"
"Yes","No","Yes",1,0,1,1,0,0,1,"No","No","No","No","No","University of Kansas","Everspring",1,1,4,2013,10,2013,2013,2023,2,1,"https://online.ku.edu/","","Rev share redacted","No",2,"No","Everspring","10 years or more"
"No","Yes","Yes",0,0,0,0,0,0,0,,,,"Yes","Yes","University of Kansas","Blackboard",1,2,10,2014,5,2014,2017,2019,-999,0,"","$211K-$225K each year for 3 years","","No",,,"Blackboard","Between 5 and 9 years"
"Yes","No","Yes",1,0,1,1,1,1,1,"No","No","No","No","No","University of Kansas","Trilogy",1,1,1,2017,3,2017,2017,2020,2,1,"https://online.ku.edu/","","","No",2,"No","Trilogy","Between 1 and 4 years"
"No","Yes","Yes",0,0,0,0,0,0,0,,,,"Yes","Yes","University of Mary Washington","Instructure",1,2,4,2011,3,2011,2014,2015,-999,0,"","$80K-$88K each year for 3 years, pricing at around $16 a user","","No",,,"Instructure","Between 1 and 4 years"
"Yes","No","Yes",0,0,0,0,0,0,0,,,,"Yes","No","University of Massachussetts","Pearson/ EmbanetCompass",1,1,8,2013,3,2013,2017,2020,-999,0,"","$180K annually for 0-15K incidents, then $12 an incident above that","","No",,,"Pearson/ EmbanetCompass","Between 1 and 4 years"
"No","Yes","Yes",0,0,0,0,0,0,0,,,,"Yes","No","University of Massachussetts","HigherEducation.com",1,2,4,2019,.3,2019,2019,2019,-999,0,"","$5,000 a month","","No",,,"HigherEducation.com","Less than 1 year"
"No","Yes","Yes",0,1,0,0,0,0,0,"Yes","Yes","No","No","No","University of Massachussetts","Education Dynamics",1,2,7,2017,2,2017,2017,2019,0,0,"https://www.massachusetts.edu/education/campus-finder/umassonline","","Depending on "Premier" or "Gold" lead, pay $70 or $40 per degree and $45 or $35 per certification, seemingly on the leads that convert from Education Dynamics","No",0,"No","Education Dynamics","Between 1 and 4 years"
"No","Yes","Yes",0,1,0,0,0,0,0,"Yes","Yes","No","No","No","University of Massachussetts","Avenue100/ Digital Media Solutions",1,2,7,2017,.3,2017,2017,2018,0,0,"https://www.massachusetts.edu/education/campus-finder/umassonline","","$19 a lead","No",0,"No","Avenue100/ Digital Media Solutions","Less than 1 year"
"No","No","No",0,0,0,0,0,0,0,,,,"Yes","No","University of Massachussetts","GetEducated.com",1,0,1,2019,.6,2019,2019,2020,-999,0,"","10000","","Yes",,,"GetEducated.com","Less than 1 year"
"Yes","No","Yes",1,0,1,1,1,1,1,"No","No","Yes","No","No","University of Michigan","Coursera",1,1,4,2012,5,2012,2021,2026,3,1,"https://online.umich.edu/","","Flucatates over time and by program. A lot of expansion happening here with programs being added and original agreement being modified repeatedly","No",3,"No","Coursera","Between 5 and 9 years"
"Yes","No","Yes",1,0,0,0,0,1,0,"No","No","No","No","No","University of Michigan","Noodle Partners",1,1,9,2019,3,2019,2019,2022,2,0,"https://online.umich.edu/","","","No",2,"No","Noodle Partners","Between 1 and 4 years"
"No","No","No",1,0,0,0,0,0,1,"No","No","No","No","No","University of Montana","Wiley",1,0,5,2020,7,2020,2020,2027,2,1,"https://www.umt.edu/umonline/","",".5","Yes",2,"No","Wiley","Between 5 and 9 years"
"No","No","No",0,0,0,0,0,0,0,,,,"Yes","Yes","University of Montana","Moodle",1,0,7,2010,5,2010,2013,2018,-999,0,"","779460","","Yes",,,"Moodle","Between 5 and 9 years"
"No","No","No",0,0,0,1,0,0,1,"Yes","Yes","No","Yes","No","University of Nebraska","iDesignEDU",1,0,4,2017,7,2017,2017,2024,0,1,"https://online.nebraska.edu/","$35K per course","","Yes",0,"No","iDesignEDU","Between 5 and 9 years"
"Yes","No","Yes",0,0,0,0,0,0,0,,,,"Yes","No","University of Nebraska","Ranku",1,1,6,2015,1,2015,2015,2016,-999,0,"","Negotiated a one time flat fee of $325K","","No",,,"Ranku","1 year"
"No","No","No",0,0,0,0,0,0,0,,,,"Yes","No","University of Nebraska","Thruline",1,0,10,2018,.9,2018,2018,2019,-999,0,"","$175K","","Yes",,,"Thruline","Less than 1 year"
"Yes","No","Yes",0,0,0,0,0,1,0,,,,"Yes","No","University of Nebraska","Inside Track",0,1,3,2015,.3,2015,2015,2015,-999,0,"","$48,150 + $41,402 for 2018 contract","","No",,,"Inside Track","Less than 1 year"
"Yes","No","Yes",,,,,,,,"No","No","No",,"No","University of Nevada Reno","Pearson/ EmbanetCompass",1,1,7,2008,3,2008,2019,2020,2,,"https://www.unr.edu/degrees/online-programs","","","No",2,"No","Pearson/ EmbanetCompass","Between 1 and 4 years"
"No","Yes","Yes",1,0,1,1,0,0,0,"No","No","Yes","No","No","University of North Carolina at Chapel Hill","2U",1,2,11,2010,10,2010,2020,2030,3,0,"https://online.unc.edu/","","Rev share redacted","No",3,"No","2U","10 years or more"
"Yes","No","Yes",1,0,0,0,0,0,0,"No","No","No","No","No","University of North Carolina at Chapel Hill","Coursera",1,1,1,2015,10,2015,2015,,2,0,"https://online.unc.edu/","","50% rev share","No",2,"No","Coursera","10 years or more"
"No","No","No",0,0,0,0,0,0,0,,,,"Yes","No","University of North Carolina at Chapel Hill","Time",1,0,12,2016,5,2016,2016,2022,-999,0,"","","20% rev share, which ends up being around 2 mill","Yes",,,"Time","Between 5 and 9 years"
"No","Yes","Yes",1,0,1,1,0,0,0,"No","No","No","No","No","University of North Carolina Wilmington","Academic Partnerships",1,2,2,2013,10,2013,2013,2023,2,0,"https://onlinedegree.uncw.edu/","","50%-55%","No",2,"No","Academic Partnerships","10 years or more"
"No","Yes","Yes",1,0,1,1,1,1,1,"No","No","No","No","No","University of North Dakota","Ed2Go",1,2,8,2014,888,2014,2018,,2,1,"https://und.edu/academics/online/index.html?search=&level=&session=Self-Paced-Enroll-Anytime&subject=","","48%, 76%, 49% depending on the type of course for 2018 agreement. Unclear for 2014","No",2,"No","Ed2Go","Indefinite"
"No","No","No",1,0,1,1,0,0,0,"No","No","No","No","No","University of North Dakota","Pearson",1,0,2,2018,,2018,2019,2020,2,0,"https://und.edu/academics/online/index.html?search=&level=&session=Self-Paced-Enroll-Anytime&subject=","","51%-62%; even a 20% rev share on service fees for transfer students","Yes",2,"No","Pearson","10 years or more"
"No","Yes","Yes",0,1,1,1,1,0,0,"Yes","Yes","No","No","No","University of North Dakota","Exeter Education",1,2,6,2018,1,2018,2018,2019,0,0,"https://und.edu/academics/online/index.html?search=&level=&session=Self-Paced-Enroll-Anytime&subject=","","Pay per head, unclear how much, only know university is "compensated" between 1,500-1,800 per head","No",0,"No","Exeter Education","1 year"
"No","Yes","Yes",1,0,0,1,1,0,0,"No","No","No","No","No","University of North Dakota","Career Step",1,2,7,2018,2,2018,2018,2020,2,0,"https://und.edu/academics/online/index.html?search=&level=&session=Self-Paced-Enroll-Anytime&subject=","","78%-82%","No",2,"No","Career Step","Between 1 and 4 years"
"No","No","No",0,1,0,1,1,0,0,"No","No","No","No","No","University of North Dakota","Digital Learning Tree",1,0,7,2018,2,2018,2018,2020,2,0,"https://und.edu/academics/online/index.html?search=&level=&session=Self-Paced-Enroll-Anytime&subject=","","Priced per head, but provider gets 58%-68%","Yes",2,"No","Digital Learning Tree","Between 1 and 4 years"
"No","Yes","Yes",0,1,0,1,1,0,0,"No","No","No","No","No","University of North Dakota","Hoonuit",1,2,11,2018,2,2018,2018,2020,2,0,"https://und.edu/academics/online/index.html?search=&level=&session=Self-Paced-Enroll-Anytime&subject=","","Priced per head, but provider gets 78%","No",2,"No","Hoonuit","Between 1 and 4 years"
"No","Yes","Yes",0,1,0,1,1,0,0,"No","No","No","No","No","University of North Dakota","Kaplan",1,2,12,2017,3,2017,2017,2020,2,0,"https://und.edu/academics/online/index.html?search=&level=&session=Self-Paced-Enroll-Anytime&subject=","","There is some kind of pricing per head or rev share here, but no details in this contract","No",2,"No","Kaplan","Between 1 and 4 years"
"No","No","No",0,1,0,1,1,0,0,"Yes","Yes","No","No","No","University of North Dakota","Kimberly Williams",0,0,7,2018,1,2018,2018,2019,0,0,"https://und.edu/academics/online/index.html?search=&level=&session=Self-Paced-Enroll-Anytime&subject=","","Priced per head, but provider gets 62%","Yes",0,"No","Kimberly Williams","1 year"
"No","No","No",0,1,0,1,1,0,0,"No","No","No","No","No","University of North Dakota","Public Consulting Group",1,0,7,2018,2,2018,2018,2020,2,0,"https://und.edu/academics/online/index.html?search=&level=&session=Self-Paced-Enroll-Anytime&subject=","","Priced per head, but provider gets 70%-83%","Yes",2,"No","Public Consulting Group","Between 1 and 4 years"
"No","No","No",0,1,0,1,1,0,0,"No","No","No","No","No","University of North Dakota","Professional Development Institute",1,0,3,2016,3,2016,2016,2019,2,0,"https://und.edu/academics/online/index.html?search=&level=&session=Self-Paced-Enroll-Anytime&subject=","","Priced per head, but provider gets 50%","Yes",2,"No","Professional Development Institute","Between 1 and 4 years"
"No","No","No",0,1,0,1,1,0,1,"No","No","No","No","No","University of North Dakota","Protrain",1,0,9,2013,888,2013,2013,,2,1,"https://und.edu/academics/online/index.html?search=&level=&session=Self-Paced-Enroll-Anytime&subject=","","Priced per head, provider gets a share but amount not specifed in contract","Yes",2,"No","Protrain","Indefinite"
"No","No","No",0,1,0,1,1,0,0,"No","No","No","No","No","University of North Dakota","Continuing Education Associates",1,0,4,2016,3,2016,2016,2019,2,0,"https://und.edu/academics/online/index.html?search=&level=&session=Self-Paced-Enroll-Anytime&subject=","","Priced per head, provider gets a share but amount not specifed in contract","Yes",2,"No","Continuing Education Associates","Between 1 and 4 years"
"No","Yes","Yes",1,0,0,1,1,0,0,"Yes","Yes","No","No","No","University of North Dakota","The CE Shop",1,2,7,2018,2,2018,2018,2020,0,0,"https://und.edu/academics/online/index.html?search=&level=&session=Self-Paced-Enroll-Anytime&subject=","","80% rev share to provider","No",0,"No","The CE Shop","Between 1 and 4 years"
"No","No","No",0,1,0,1,1,0,0,"No","No","No","No","No","University of North Dakota","Virtual Education Software, Inc (VESi)",1,0,7,2018,2,2018,2018,2020,2,0,"https://und.edu/academics/online/index.html?search=&level=&session=Self-Paced-Enroll-Anytime&subject=","","Priced per head, provider gets 42%-54%","Yes",2,"No","Virtual Education Software, Inc (VESi)","Between 1 and 4 years"
"No","Yes","Yes",0,0,0,0,0,0,1,,,,"Yes","Yes","University of North Texas","Blackboard",1,2,9,2002,5,2002,2014,2015,-999,1,"","$255,025 but in 2012 it was $75,097. Could be different products though","","No",,,"Blackboard","Between 5 and 9 years"
"No","Yes","Yes",1,0,1,1,0,0,1,"No","No","No","No","No","University of Rhode Island","Academic Partnerships",1,2,6,2014,4,2014,2015,2019,2,1,"https://web.uri.edu/online/","","50% rev share","No",2,"No","Academic Partnerships","Between 1 and 4 years"
"No","No","No",0,0,0,0,0,0,0,,,,"Yes","Yes","University of South Alabama","Longsight",1,0,6,2016,3,2016,2016,2019,-999,0,"","$144K Y1, $139 Y2, $139 Y3","","Yes",,,"Longsight","Between 1 and 4 years"
"No","Yes","Yes",0,0,0,0,0,0,1,,,,"Yes","Yes","University of Southern Mississippi","Blackboard",1,2,7,2011,3,2011,2014,2019,-999,1,"","Amount is hard to follow. But on page 489 we see $2,596,009.73 for 2014-2019","","No",,,"Blackboard","Between 1 and 4 years"
"No","No","No",0,0,0,1,0,0,1,"No","No","No","Yes","No","University of Texas","Big Tomorrow",1,0,5,2014,5,2014,2016,2019,2,0,"https://utsystem.edu/finish/current-ut-students/degree-programs-courses","","","Yes",2,"No","Big Tomorrow","Between 5 and 9 years"
"No","No","No",0,0,0,1,1,0,1,"Yes","Yes","No","Yes","No","University of Texas","Classmate/MathHelp",1,0,2,2004,3,2004,2009,2010,0,0,"https://utsystem.edu/finish/current-ut-students/degree-programs-courses","$7500 conversion fee, $500 per lesson (for total of $23K)","","Yes",0,"No","Classmate/MathHelp","Between 1 and 4 years"
"No","No","No",0,0,0,1,0,1,1,"No","No","No","Yes","No","University of Texas","Council for Aid to Education",0,0,4,2015,5,2015,2016,2020,2,0,"https://utsystem.edu/finish/current-ut-students/degree-programs-courses","Addendum is $4560, another $117,000, another $232,350, another $421,850, another $119,400, another $200,440, and $113,300, $140,550","","Yes",2,"No","Council for Aid to Education","Between 5 and 9 years"
"No","No","No",0,0,0,1,0,1,1,"No","No","No","Yes","No","University of Texas","Elephant Productions",1,0,6,2014,5,2014,2016,2019,2,0,"https://utsystem.edu/finish/current-ut-students/degree-programs-courses","One addendum is $352,800, another is $47,000, another $38,400, another $207,800, another $163,725, another $327,450","","Yes",2,"No","Elephant Productions","Between 5 and 9 years"
"No","No","No",0,0,0,1,0,0,1,"No","No","No","Yes","No","University of Texas","Enspire",1,0,6,2014,5,2014,2014,2019,2,0,"https://utsystem.edu/finish/current-ut-students/degree-programs-courses","","","Yes",2,"No","Enspire","Between 5 and 9 years"
"No","Yes","Yes",1,0,1,1,0,0,0,"No","No","No","No","No","University of Texas","Academic Partnerships",1,2,11,2011,1,2011,2011,2012,2,0,"https://utsystem.edu/finish/current-ut-students/degree-programs-courses","","50% rev share","No",2,"No","Academic Partnerships","1 year"
"No","No","No",0,0,0,1,0,0,1,"No","No","No","Yes","No","University of Texas","Alivetek",1,0,3,2015,5,2015,2015,2020,2,0,"https://utsystem.edu/finish/current-ut-students/degree-programs-courses","Not to exceed 1 million","","Yes",2,"No","Alivetek","Between 5 and 9 years"
"No","Yes","Yes",0,0,0,0,0,0,1,,,,"Yes","Yes","University of Texas","Blackboard",1,2,7,2002,2,2002,2009,2012,-999,1,"","Initially 173K in 2002, which included "online courseware management system license and hosting"; 04-05 = 97K","","No",,,"Blackboard","Between 1 and 4 years"
"No","No","No",0,0,0,1,0,0,1,"No","No","No","Yes","No","University of Texas","BrightLeaf Group",1,0,6,2014,5,2014,2015,2019,2,0,"https://utsystem.edu/finish/current-ut-students/degree-programs-courses","Addendums list prices for two separate projects, both capped at around 85K, and a third at 154K","","Yes",2,"No","BrightLeaf Group","Between 5 and 9 years"
"Yes","No","Yes",1,0,0,1,1,0,1,"No","No","No","No","No","University of Texas at Austin","Trilogy",1,1,4,2019,6,2019,2019,2023,2,0,"https://professionaled.utexas.edu/online-learning","","Redacted","No",2,"No","Trilogy","Between 5 and 9 years"
"Yes","No","Yes",1,0,0,1,1,0,1,"No","No","No","No","No","University of Texas at San Antonio","Trilogy",1,1,2,2018,3,2018,2018,2021,2,1,"https://online.utsa.edu/","",".8","No",2,"No","Trilogy","Between 1 and 4 years"
"No","No","No",0,1,1,1,0,0,1,"No","No","No","No","No","University of Texas El Paso","Pearson",1,0,12,2008,6,2008,2014,2019,2,0,"https://www.utep.edu/extendeduniversity/utepconnect/","","$68-$240 per head, depends on program","Yes",2,"No","Pearson","Between 5 and 9 years"
"Yes","No","Yes",1,0,1,1,0,0,0,"No","No","No","No","No","University of Vermont","Bisk",1,1,4,2003,,2003,2003,,2,0,"https://learn.uvm.edu/online/","","Revenue share redacted","No",2,"No","Bisk","10 years or more"
"No","Yes","Yes",0,0,0,0,0,0,1,,,,"Yes","Yes","University of Vermont","Blackboard",1,2,4,2003,888,2003,2003,,-999,1,"","","","No",,,"Blackboard","Indefinite"
"No","Yes","Yes",1,0,1,1,1,0,1,"Yes","Yes","No","No","No","University of Vermont","Ed2Go",1,2,1,2004,888,2004,2004,,0,1,"https://learn.uvm.edu/online/","","Revenue share not included in contract provided","No",0,"No","Ed2Go","Indefinite"
"Yes","No","Yes",1,0,1,1,0,0,0,"No","No","No","No","No","University of Virginia","Noodle Partners",1,1,8,2018,3,2017,2018,2021,2,0,"https://online.virginia.edu/","","","No",2,"No","Noodle Partners","Between 1 and 4 years"
"Yes","No","Yes",1,0,1,1,0,0,0,"No","No","No","No","No","University of Washington","Noodle Partners",1,1,3,2020,4,2020,2020,2024,2,0,"https://www.pce.uw.edu/online","","","No",2,"No","Noodle Partners","Between 1 and 4 years"
"No","Yes","Yes",1,0,1,0,0,0,0,"No","No","No","No","No","University of West Florida","Academic Partnerships",1,2,5,2011,5,2011,2015,2020,2,0,"https://onlinedegrees.uwf.edu/online-degrees/","",".5","No",2,"No","Academic Partnerships","Between 5 and 9 years"
"No","Yes","Yes",1,0,1,1,1,1,0,"No","No","No","No","No","University of West Florida","The Learning House",1,2,4,2017,5,2017,2018,2023,2,0,"https://onlinedegrees.uwf.edu/online-degrees/","","80% for bootcamp; 30%-38% for other online programs on page 2","No",2,"No","The Learning House","Between 5 and 9 years"
"No","No","No",0,1,0,0,1,0,0,"Yes","Yes","No","No","No","University of West Florida","Instructional Connections",1,0,4,2015,4,2015,2015,2019,0,0,"https://onlinedegrees.uwf.edu/online-degrees/","","$35-$45 a head for ug and grad classes","Yes",0,"No","Instructional Connections","Between 1 and 4 years"
"Yes","No","Yes",1,0,0,1,0,0,1,"Yes","Yes","No","No","No","University of Wisconsin","Trilogy",1,1,5,2018,3,2018,2018,2021,0,0,"https://online.wisc.edu/","","Amount of rev. share and $ given to University redacted on page 5; "TES shall collect all revenue related to the Program on behalf of UW-EX"","No",0,"No","Trilogy","Between 1 and 4 years"
"No","No","No",0,0,0,0,0,1,0,,,,"Yes","No","University of Wyoming","Wiley",1,0,8,2020,2,2020,2020,2022,-999,0,"","Shall not exceed 2,000,000","","Yes",,,"Wiley","Between 1 and 4 years"
"No","Yes","Yes",0,0,0,0,0,0,0,,,,"Yes","Yes","Victoria College","Instructure",1,2,4,2016,4,2016,2018,2019,-999,0,"","$112,480 for 4 years","","No",,,"Instructure","Between 1 and 4 years"
"No","Yes","Yes",1,0,1,1,1,0,1,"No","Yes","No","No","No","Victoria College","Ed2Go",1,2,10,1999,888,1999,1999,,1,1,"https://www.victoriacollege.edu/Explore/Students/DistanceEducation","","Revenue share not included in contract provided","No",1,"No","Ed2Go","Indefinite"
"No","No","No",0,0,0,1,0,0,0,"Yes","Yes","No","Yes","No","Victoria College","Monterey Institute of Technology",0,0,6,2016,1,2016,2016,2017,0,0,"https://www.victoriacollege.edu/Explore/Students/DistanceEducation","$3000 for standard annual membership to download all online content in which the university is interested","","Yes",0,"No","Monterey Institute of Technology","1 year"
"No","Yes","Yes",0,0,0,0,0,0,1,,,,"Yes","Yes","Washington State Board for Community and Technical Colleges","Blackboard",1,2,7,2005,3,2005,2014,2017,-999,1,"","Between $250K-$270K a year","","No",,,"Blackboard","Between 1 and 4 years"
"No","Yes","Yes",0,1,0,0,0,0,0,"No","No","No","No","Yes","Washington State Board for Community and Technical Colleges","Instructure",1,2,6,2012,4,2012,2012,2016,2,0,"[ALERT: NO MAIN ONLINE PAGE]","","$8.82 per FTE, per year","No",2,"No","Instructure","Between 1 and 4 years"
"No","Yes","Yes",0,0,0,0,0,0,0,,,,"Yes","Yes","Washington State University","Angel Learning/ Blackboard",1,2,3,2009,3.5,2009,2010,2011,-999,0,"","$689,610 for 3.5 year period, was revised in 2010 though for less","","No",,,"Angel Learning/ Blackboard","Between 1 and 4 years"
"No","Yes","Yes",0,0,0,0,0,1,1,,,,"Yes","Yes","Washington State University","Blackboard",1,2,9,2013,1,2013,2016,2017,-999,1,"","$328,594 for one year--far more pricey than Angel Learning. See actual invoice on pg. 91 (product is still Angel); email indicates in 2015 paid $464,665 but that is hard to verify other documents indicate closer to 300K. Blackboard for 2015 is $380,579. Seems to be straightup transition to that system. Can see how costs increase from move to Blackboard control of Angel and move to Blackboard products","","No",,,"Blackboard","1 year"
"Yes","No","Yes",1,0,1,1,0,0,0,"No","No","No","No","No","Washington State University","Pearson/ EmbanetCompass",1,1,2,2010,10,2010,2014,2020,2,0,"https://online.wsu.edu/","","Revenue share partially redacted for Embanet. In 2016 transition to Pearson (with no Embanet in term) rev share is 35%","No",2,"No","Pearson/ EmbanetCompass","10 years or more"
"No","No","No",0,0,0,1,0,0,0,"Yes","Yes","No","Yes","No","Washington State University","Monterey Institute of Technology",0,0,10,2007,2,2007,2007,2009,0,0,"https://online.wsu.edu/","","","Yes",0,"No","Monterey Institute of Technology","Between 1 and 4 years"
"Yes","No","Yes",1,0,0,0,0,0,0,"No","No","No","No","No","West Virginia University","Coursera",1,1,3,2013,3,2013,2016,2022,2,0,"https://online.wvu.edu/","","50% rev share","No",2,"No","Coursera","Between 1 and 4 years"
"No","Yes","Yes",0,0,0,0,0,0,1,,,,"Yes","Yes","Western New Mexico University","Blackboard",1,2,6,2011,1,2011,2011,2012,-999,1,"","$1,364,232 is cost for multiple institution contract but $107,500 to this specific school","","No",,,"Blackboard","1 year"
"No","Yes","Yes",0,0,0,0,0,0,1,,,,"Yes","Yes","Wichita State Unviersity","Blackboard",1,2,11,2016,3,2016,2020,2021,-999,1,"","Between 2.4 mi and 2.7 mil. Over 3 one-year periods","","No",,,"Blackboard","Between 1 and 4 years"
"No","Yes","Yes",1,0,1,1,1,1,1,"No","No","No","No","No","Youngstown State University","Academic Partnerships",1,2,12,2018,8,2018,2021,2029,2,0,"https://ysu.edu/academics/youngstown-state-online","","Redacted","No",2,"No","Academic Partnerships","Between 5 and 9 years"
